3,Himeji slott
3,Nagoya slott
3,Matsue slott
3,Nijo slott
0,Från slott till slott
2,Slott
3,Kyoto
3,Iwakuni
0,Slotte
3,Keihanshin
3,Kansai
0,Slotts
0,Takatsuki
3,Himeji
1,Charlottenburgs slott
3,Kyoto prefektur
1,Åbo slott
0,Yamaguchi
1,Örby slott
1,Christiansborgs slott
1,Kokkedals slott
1,Bojnice slott
1,Frederiksborgs slott
1,Jægersborgs slott
1,Tallinns slott
1,Strömsholms slott
1,Örups slott
1,Trollkarlens slott
3,Osaka prefektur
1,Bratislava slott
1,Kalundborgs slott
1,Thorskogs slott
1,Holzheims slott
1,Kapetanovo slott
1,Ekebyholms slott
1,Eutins slott
0,Kina slott
1,Gävle slott
1,Bergedorf slott
1,Viderups slott
1,Hovdala slott
1,Edsby slott
1,Tavastehus slott
1,Hornsbergs slott
1,Rörstrands slott
1,Gråstens slott
1,Lista över slott i Norge
1,Kobergs slott
0,Birger Slotte
1,Warszawas slott
0,Karl Fredrik Slotte
1,Charlottenlunds slott
1,Bergs slott
1,Vannaröds slott
0,Alexander Slotte
0,Peter Slotte
1,Stjärnorps slott
0,Näsby slott
1,Oslo slott
1,Zveçans slott
1,Hirschholms slott
1,Hägerstads slott
1,arselisborgs slott
1,Tuna slott
0,Villnäs slott
0,Marselisborgs slott